Camera,Parameter,Statistic,File1_Value,File2_Value,Difference,File1,File2
CAM_FRONT,x,Mean,0.8115465641021729,-1.7164921760559082,-2.528038740158081,transforms_ego_adjusted_fov,carla_camera_parameters_statistics
CAM_FRONT,x,Std_Dev,0.0,0.0,0.0,transforms_ego_adjusted_fov,carla_camera_parameters_statistics
CAM_FRONT,x,Min,0.8115465641021729,-1.7164921760559082,-2.528038740158081,transforms_ego_adjusted_fov,carla_camera_parameters_statistics
CAM_FRONT,x,Max,0.8115465641021729,-1.7164921760559082,-2.528038740158081,transforms_ego_adjusted_fov,carla_camera_parameters_statistics
CAM_FRONT,x,Median,0.8115465641021729,-1.7164921760559082,-2.528038740158081,transforms_ego_adjusted_fov,carla_camera_parameters_statistics
CAM_FRONT,y,Mean,-0.0092543801292777,-7.525243282318115,-7.5159889021888375,transforms_ego_adjusted_fov,carla_camera_parameters_statistics
CAM_FRONT,y,Std_Dev,0.0,0.0,0.0,transforms_ego_adjusted_fov,carla_camera_parameters_statistics
CAM_FRONT,y,Min,-0.0092543801292777,-7.525243282318115,-7.5159889021888375,transforms_ego_adjusted_fov,carla_camera_parameters_statistics
CAM_FRONT,y,Max,-0.0092543801292777,-7.525243282318115,-7.5159889021888375,transforms_ego_adjusted_fov,carla_camera_parameters_statistics
CAM_FRONT,y,Median,-0.0092543801292777,-7.525243282318115,-7.5159889021888375,transforms_ego_adjusted_fov,carla_camera_parameters_statistics
CAM_FRONT,z,Mean,-1.502867579460144,143.91200256347656,145.4148701429367,transforms_ego_adjusted_fov,carla_camera_parameters_statistics
CAM_FRONT,z,Std_Dev,0.0,0.0,0.0,transforms_ego_adjusted_fov,carla_camera_parameters_statistics
CAM_FRONT,z,Min,-1.502867579460144,143.91200256347656,145.4148701429367,transforms_ego_adjusted_fov,carla_camera_parameters_statistics
CAM_FRONT,z,Max,-1.502867579460144,143.91200256347656,145.4148701429367,transforms_ego_adjusted_fov,carla_camera_parameters_statistics
CAM_FRONT,z,Median,-1.502867579460144,143.91200256347656,145.4148701429367,transforms_ego_adjusted_fov,carla_camera_parameters_statistics
CAM_FRONT,pitch,Mean,1.5628617447045516,3.131330729200311,1.5684689844957593,transforms_ego_adjusted_fov,carla_camera_parameters_statistics
CAM_FRONT,pitch,Std_Dev,0.0,0.0,0.0,transforms_ego_adjusted_fov,carla_camera_parameters_statistics
CAM_FRONT,pitch,Min,1.5628617447045516,3.131330729200311,1.5684689844957593,transforms_ego_adjusted_fov,carla_camera_parameters_statistics
CAM_FRONT,pitch,Max,1.5628617447045516,3.131330729200311,1.5684689844957593,transforms_ego_adjusted_fov,carla_camera_parameters_statistics
CAM_FRONT,pitch,Median,1.5628617447045516,3.131330729200311,1.5684689844957593,transforms_ego_adjusted_fov,carla_camera_parameters_statistics
CAM_FRONT,yaw,Mean,1.5707963271417251,1.5707962830825406,-4.405918452299318e-08,transforms_ego_adjusted_fov,carla_camera_parameters_statistics
CAM_FRONT,yaw,Std_Dev,0.0,0.0,0.0,transforms_ego_adjusted_fov,carla_camera_parameters_statistics
CAM_FRONT,yaw,Min,1.5707963271417251,1.5707962830825406,-4.405918452299318e-08,transforms_ego_adjusted_fov,carla_camera_parameters_statistics
CAM_FRONT,yaw,Max,1.5707963271417251,1.5707962830825406,-4.405918452299318e-08,transforms_ego_adjusted_fov,carla_camera_parameters_statistics
CAM_FRONT,yaw,Median,1.5707963271417251,1.5707962830825406,-4.405918452299318e-08,transforms_ego_adjusted_fov,carla_camera_parameters_statistics
CAM_FRONT,fov,Mean,70.0,90.0,20.0,transforms_ego_adjusted_fov,carla_camera_parameters_statistics
CAM_FRONT,fov,Std_Dev,0.0,0.0,0.0,transforms_ego_adjusted_fov,carla_camera_parameters_statistics
CAM_FRONT,fov,Min,70.0,90.0,20.0,transforms_ego_adjusted_fov,carla_camera_parameters_statistics
CAM_FRONT,fov,Max,70.0,90.0,20.0,transforms_ego_adjusted_fov,carla_camera_parameters_statistics
CAM_FRONT,fov,Median,70.0,90.0,20.0,transforms_ego_adjusted_fov,carla_camera_parameters_statistics
CAM_FRONT,roll,Mean,0.0,0.0,0.0,transforms_ego_adjusted_fov,carla_camera_parameters_statistics
CAM_FRONT,roll,Std_Dev,0.0,0.0,0.0,transforms_ego_adjusted_fov,carla_camera_parameters_statistics
CAM_FRONT,roll,Min,0.0,0.0,0.0,transforms_ego_adjusted_fov,carla_camera_parameters_statistics
CAM_FRONT,roll,Max,0.0,0.0,0.0,transforms_ego_adjusted_fov,carla_camera_parameters_statistics
CAM_FRONT,roll,Median,0.0,0.0,0.0,transforms_ego_adjusted_fov,carla_camera_parameters_statistics
CAM_FRONT_RIGHT,x,Mean,0.6675328016281128,-1.7390727996826172,-2.40660560131073,transforms_ego_adjusted_fov,carla_camera_parameters_statistics
CAM_FRONT_RIGHT,x,Std_Dev,0.0,0.0,0.0,transforms_ego_adjusted_fov,carla_camera_parameters_statistics
CAM_FRONT_RIGHT,x,Min,0.6675328016281128,-1.7390727996826172,-2.40660560131073,transforms_ego_adjusted_fov,carla_camera_parameters_statistics
CAM_FRONT_RIGHT,x,Max,0.6675328016281128,-1.7390727996826172,-2.40660560131073,transforms_ego_adjusted_fov,carla_camera_parameters_statistics
CAM_FRONT_RIGHT,x,Median,0.6675328016281128,-1.7390727996826172,-2.40660560131073,transforms_ego_adjusted_fov,carla_camera_parameters_statistics
CAM_FRONT_RIGHT,y,Mean,0.4970148503780365,-8.02907657623291,-8.526091426610947,transforms_ego_adjusted_fov,carla_camera_parameters_statistics
CAM_FRONT_RIGHT,y,Std_Dev,0.0,0.0,0.0,transforms_ego_adjusted_fov,carla_camera_parameters_statistics
CAM_FRONT_RIGHT,y,Min,0.4970148503780365,-8.02907657623291,-8.526091426610947,transforms_ego_adjusted_fov,carla_camera_parameters_statistics
CAM_FRONT_RIGHT,y,Max,0.4970148503780365,-8.02907657623291,-8.526091426610947,transforms_ego_adjusted_fov,carla_camera_parameters_statistics
CAM_FRONT_RIGHT,y,Median,0.4970148503780365,-8.02907657623291,-8.526091426610947,transforms_ego_adjusted_fov,carla_camera_parameters_statistics
CAM_FRONT_RIGHT,z,Mean,-1.507845401763916,143.7708282470703,145.27867364883423,transforms_ego_adjusted_fov,carla_camera_parameters_statistics
CAM_FRONT_RIGHT,z,Std_Dev,0.0,0.0,0.0,transforms_ego_adjusted_fov,carla_camera_parameters_statistics
CAM_FRONT_RIGHT,z,Min,-1.507845401763916,143.7708282470703,145.27867364883423,transforms_ego_adjusted_fov,carla_camera_parameters_statistics
CAM_FRONT_RIGHT,z,Max,-1.507845401763916,143.7708282470703,145.27867364883423,transforms_ego_adjusted_fov,carla_camera_parameters_statistics
CAM_FRONT_RIGHT,z,Median,-1.507845401763916,143.7708282470703,145.27867364883423,transforms_ego_adjusted_fov,carla_camera_parameters_statistics
CAM_FRONT_RIGHT,pitch,Mean,2.5653949420042665,-2.1367362088328905,-4.7021311508371575,transforms_ego_adjusted_fov,carla_camera_parameters_statistics
CAM_FRONT_RIGHT,pitch,Std_Dev,0.0,0.0,0.0,transforms_ego_adjusted_fov,carla_camera_parameters_statistics
CAM_FRONT_RIGHT,pitch,Min,2.5653949420042665,-2.1367362088328905,-4.7021311508371575,transforms_ego_adjusted_fov,carla_camera_parameters_statistics
CAM_FRONT_RIGHT,pitch,Max,2.5653949420042665,-2.1367362088328905,-4.7021311508371575,transforms_ego_adjusted_fov,carla_camera_parameters_statistics
CAM_FRONT_RIGHT,pitch,Median,2.5653949420042665,-2.1367362088328905,-4.7021311508371575,transforms_ego_adjusted_fov,carla_camera_parameters_statistics
CAM_FRONT_RIGHT,yaw,Mean,1.570796290139622,1.5707963033535,1.3213877991802292e-08,transforms_ego_adjusted_fov,carla_camera_parameters_statistics
CAM_FRONT_RIGHT,yaw,Std_Dev,0.0,0.0,0.0,transforms_ego_adjusted_fov,carla_camera_parameters_statistics
CAM_FRONT_RIGHT,yaw,Min,1.570796290139622,1.5707963033535,1.3213877991802292e-08,transforms_ego_adjusted_fov,carla_camera_parameters_statistics
CAM_FRONT_RIGHT,yaw,Max,1.570796290139622,1.5707963033535,1.3213877991802292e-08,transforms_ego_adjusted_fov,carla_camera_parameters_statistics
CAM_FRONT_RIGHT,yaw,Median,1.570796290139622,1.5707963033535,1.3213877991802292e-08,transforms_ego_adjusted_fov,carla_camera_parameters_statistics
CAM_FRONT_RIGHT,fov,Mean,70.0,90.0,20.0,transforms_ego_adjusted_fov,carla_camera_parameters_statistics
CAM_FRONT_RIGHT,fov,Std_Dev,0.0,0.0,0.0,transforms_ego_adjusted_fov,carla_camera_parameters_statistics
CAM_FRONT_RIGHT,fov,Min,70.0,90.0,20.0,transforms_ego_adjusted_fov,carla_camera_parameters_statistics
CAM_FRONT_RIGHT,fov,Max,70.0,90.0,20.0,transforms_ego_adjusted_fov,carla_camera_parameters_statistics
CAM_FRONT_RIGHT,fov,Median,70.0,90.0,20.0,transforms_ego_adjusted_fov,carla_camera_parameters_statistics
CAM_FRONT_RIGHT,roll,Mean,0.0,0.0,0.0,transforms_ego_adjusted_fov,carla_camera_parameters_statistics
CAM_FRONT_RIGHT,roll,Std_Dev,0.0,0.0,0.0,transforms_ego_adjusted_fov,carla_camera_parameters_statistics
CAM_FRONT_RIGHT,roll,Min,0.0,0.0,0.0,transforms_ego_adjusted_fov,carla_camera_parameters_statistics
CAM_FRONT_RIGHT,roll,Max,0.0,0.0,0.0,transforms_ego_adjusted_fov,carla_camera_parameters_statistics
CAM_FRONT_RIGHT,roll,Median,0.0,0.0,0.0,transforms_ego_adjusted_fov,carla_camera_parameters_statistics
CAM_FRONT_LEFT,x,Mean,0.6519070267677307,-1.7285394668579102,-2.380446493625641,transforms_ego_adjusted_fov,carla_camera_parameters_statistics
CAM_FRONT_LEFT,x,Std_Dev,0.0,0.0,0.0,transforms_ego_adjusted_fov,carla_camera_parameters_statistics
CAM_FRONT_LEFT,x,Min,0.6519070267677307,-1.7285394668579102,-2.380446493625641,transforms_ego_adjusted_fov,carla_camera_parameters_statistics
CAM_FRONT_LEFT,x,Max,0.6519070267677307,-1.7285394668579102,-2.380446493625641,transforms_ego_adjusted_fov,carla_camera_parameters_statistics
CAM_FRONT_LEFT,x,Median,0.6519070267677307,-1.7285394668579102,-2.380446493625641,transforms_ego_adjusted_fov,carla_camera_parameters_statistics
CAM_FRONT_LEFT,y,Mean,-0.4973630309104919,-7.029478549957275,-6.5321155190467834,transforms_ego_adjusted_fov,carla_camera_parameters_statistics
CAM_FRONT_LEFT,y,Std_Dev,0.0,0.0,0.0,transforms_ego_adjusted_fov,carla_camera_parameters_statistics
CAM_FRONT_LEFT,y,Min,-0.4973630309104919,-7.029478549957275,-6.5321155190467834,transforms_ego_adjusted_fov,carla_camera_parameters_statistics
CAM_FRONT_LEFT,y,Max,-0.4973630309104919,-7.029478549957275,-6.5321155190467834,transforms_ego_adjusted_fov,carla_camera_parameters_statistics
CAM_FRONT_LEFT,y,Median,-0.4973630309104919,-7.029478549957275,-6.5321155190467834,transforms_ego_adjusted_fov,carla_camera_parameters_statistics
CAM_FRONT_LEFT,z,Mean,-1.5085220336914062,143.7652587890625,145.2737808227539,transforms_ego_adjusted_fov,carla_camera_parameters_statistics
CAM_FRONT_LEFT,z,Std_Dev,0.0,0.0,0.0,transforms_ego_adjusted_fov,carla_camera_parameters_statistics
CAM_FRONT_LEFT,z,Min,-1.5085220336914062,143.7652587890625,145.2737808227539,transforms_ego_adjusted_fov,carla_camera_parameters_statistics
CAM_FRONT_LEFT,z,Max,-1.5085220336914062,143.7652587890625,145.2737808227539,transforms_ego_adjusted_fov,carla_camera_parameters_statistics
CAM_FRONT_LEFT,z,Median,-1.5085220336914062,143.7652587890625,145.2737808227539,transforms_ego_adjusted_fov,carla_camera_parameters_statistics
CAM_FRONT_LEFT,pitch,Mean,0.6067092315147118,2.1757063551982245,1.5689971236835127,transforms_ego_adjusted_fov,carla_camera_parameters_statistics
CAM_FRONT_LEFT,pitch,Std_Dev,0.0,0.0,0.0,transforms_ego_adjusted_fov,carla_camera_parameters_statistics
CAM_FRONT_LEFT,pitch,Min,0.6067092315147118,2.1757063551982245,1.5689971236835127,transforms_ego_adjusted_fov,carla_camera_parameters_statistics
CAM_FRONT_LEFT,pitch,Max,0.6067092315147118,2.1757063551982245,1.5689971236835127,transforms_ego_adjusted_fov,carla_camera_parameters_statistics
CAM_FRONT_LEFT,pitch,Median,0.6067092315147118,2.1757063551982245,1.5689971236835127,transforms_ego_adjusted_fov,carla_camera_parameters_statistics
CAM_FRONT_LEFT,yaw,Mean,1.5707963627053048,1.5707963019365507,-6.07687540288282e-08,transforms_ego_adjusted_fov,carla_camera_parameters_statistics
CAM_FRONT_LEFT,yaw,Std_Dev,0.0,0.0,0.0,transforms_ego_adjusted_fov,carla_camera_parameters_statistics
CAM_FRONT_LEFT,yaw,Min,1.5707963627053048,1.5707963019365507,-6.07687540288282e-08,transforms_ego_adjusted_fov,carla_camera_parameters_statistics
CAM_FRONT_LEFT,yaw,Max,1.5707963627053048,1.5707963019365507,-6.07687540288282e-08,transforms_ego_adjusted_fov,carla_camera_parameters_statistics
CAM_FRONT_LEFT,yaw,Median,1.5707963627053048,1.5707963019365507,-6.07687540288282e-08,transforms_ego_adjusted_fov,carla_camera_parameters_statistics
CAM_FRONT_LEFT,fov,Mean,70.0,90.0,20.0,transforms_ego_adjusted_fov,carla_camera_parameters_statistics
CAM_FRONT_LEFT,fov,Std_Dev,0.0,0.0,0.0,transforms_ego_adjusted_fov,carla_camera_parameters_statistics
CAM_FRONT_LEFT,fov,Min,70.0,90.0,20.0,transforms_ego_adjusted_fov,carla_camera_parameters_statistics
CAM_FRONT_LEFT,fov,Max,70.0,90.0,20.0,transforms_ego_adjusted_fov,carla_camera_parameters_statistics
CAM_FRONT_LEFT,fov,Median,70.0,90.0,20.0,transforms_ego_adjusted_fov,carla_camera_parameters_statistics
CAM_FRONT_LEFT,roll,Mean,0.0,0.0,0.0,transforms_ego_adjusted_fov,carla_camera_parameters_statistics
CAM_FRONT_LEFT,roll,Std_Dev,0.0,0.0,0.0,transforms_ego_adjusted_fov,carla_camera_parameters_statistics
CAM_FRONT_LEFT,roll,Min,0.0,0.0,0.0,transforms_ego_adjusted_fov,carla_camera_parameters_statistics
CAM_FRONT_LEFT,roll,Max,0.0,0.0,0.0,transforms_ego_adjusted_fov,carla_camera_parameters_statistics
CAM_FRONT_LEFT,roll,Median,0.0,0.0,0.0,transforms_ego_adjusted_fov,carla_camera_parameters_statistics
CAM_BACK,x,Mean,-0.8563410639762878,-1.7895216941833496,-0.9331806302070618,transforms_ego_adjusted_fov,carla_camera_parameters_statistics
CAM_BACK,x,Std_Dev,0.0,0.0,0.0,transforms_ego_adjusted_fov,carla_camera_parameters_statistics
CAM_BACK,x,Min,-0.8563410639762878,-1.7895216941833496,-0.9331806302070618,transforms_ego_adjusted_fov,carla_camera_parameters_statistics
CAM_BACK,x,Max,-0.8563410639762878,-1.7895216941833496,-0.9331806302070618,transforms_ego_adjusted_fov,carla_camera_parameters_statistics
CAM_BACK,x,Median,-0.8563410639762878,-1.7895216941833496,-0.9331806302070618,transforms_ego_adjusted_fov,carla_camera_parameters_statistics
CAM_BACK,y,Mean,-0.007168420124799,-7.519210815429687,-7.512042395304888,transforms_ego_adjusted_fov,carla_camera_parameters_statistics
CAM_BACK,y,Std_Dev,0.0,0.0,0.0,transforms_ego_adjusted_fov,carla_camera_parameters_statistics
CAM_BACK,y,Min,-0.007168420124799,-7.519210815429687,-7.512042395304888,transforms_ego_adjusted_fov,carla_camera_parameters_statistics
CAM_BACK,y,Max,-0.007168420124799,-7.519210815429687,-7.512042395304888,transforms_ego_adjusted_fov,carla_camera_parameters_statistics
CAM_BACK,y,Median,-0.007168420124799,-7.519210815429687,-7.512042395304888,transforms_ego_adjusted_fov,carla_camera_parameters_statistics
CAM_BACK,z,Mean,-1.5724962949752808,142.24525451660156,143.81775081157684,transforms_ego_adjusted_fov,carla_camera_parameters_statistics
CAM_BACK,z,Std_Dev,0.0,0.0,0.0,transforms_ego_adjusted_fov,carla_camera_parameters_statistics
CAM_BACK,z,Min,-1.5724962949752808,142.24525451660156,143.81775081157684,transforms_ego_adjusted_fov,carla_camera_parameters_statistics
CAM_BACK,z,Max,-1.5724962949752808,142.24525451660156,143.81775081157684,transforms_ego_adjusted_fov,carla_camera_parameters_statistics
CAM_BACK,z,Median,-1.5724962949752808,142.24525451660156,143.81775081157684,transforms_ego_adjusted_fov,carla_camera_parameters_statistics
CAM_BACK,pitch,Mean,-1.5644901992148597,0.0092154702989923,1.573705669513852,transforms_ego_adjusted_fov,carla_camera_parameters_statistics
CAM_BACK,pitch,Std_Dev,0.0,0.0,0.0,transforms_ego_adjusted_fov,carla_camera_parameters_statistics
CAM_BACK,pitch,Min,-1.5644901992148597,0.0092154702989923,1.573705669513852,transforms_ego_adjusted_fov,carla_camera_parameters_statistics
CAM_BACK,pitch,Max,-1.5644901992148597,0.0092154702989923,1.573705669513852,transforms_ego_adjusted_fov,carla_camera_parameters_statistics
CAM_BACK,pitch,Median,-1.5644901992148597,0.0092154702989923,1.573705669513852,transforms_ego_adjusted_fov,carla_camera_parameters_statistics
CAM_BACK,yaw,Mean,1.5707963270705607,1.570796370507174,4.3436613195169116e-08,transforms_ego_adjusted_fov,carla_camera_parameters_statistics
CAM_BACK,yaw,Std_Dev,0.0,0.0,0.0,transforms_ego_adjusted_fov,carla_camera_parameters_statistics
CAM_BACK,yaw,Min,1.5707963270705607,1.570796370507174,4.3436613195169116e-08,transforms_ego_adjusted_fov,carla_camera_parameters_statistics
CAM_BACK,yaw,Max,1.5707963270705607,1.570796370507174,4.3436613195169116e-08,transforms_ego_adjusted_fov,carla_camera_parameters_statistics
CAM_BACK,yaw,Median,1.5707963270705607,1.570796370507174,4.3436613195169116e-08,transforms_ego_adjusted_fov,carla_camera_parameters_statistics
CAM_BACK,fov,Mean,110.0,90.0,-20.0,transforms_ego_adjusted_fov,carla_camera_parameters_statistics
CAM_BACK,fov,Std_Dev,0.0,0.0,0.0,transforms_ego_adjusted_fov,carla_camera_parameters_statistics
CAM_BACK,fov,Min,110.0,90.0,-20.0,transforms_ego_adjusted_fov,carla_camera_parameters_statistics
CAM_BACK,fov,Max,110.0,90.0,-20.0,transforms_ego_adjusted_fov,carla_camera_parameters_statistics
CAM_BACK,fov,Median,110.0,90.0,-20.0,transforms_ego_adjusted_fov,carla_camera_parameters_statistics
CAM_BACK,roll,Mean,0.0,0.0,0.0,transforms_ego_adjusted_fov,carla_camera_parameters_statistics
CAM_BACK,roll,Std_Dev,0.0,0.0,0.0,transforms_ego_adjusted_fov,carla_camera_parameters_statistics
CAM_BACK,roll,Min,0.0,0.0,0.0,transforms_ego_adjusted_fov,carla_camera_parameters_statistics
CAM_BACK,roll,Max,0.0,0.0,0.0,transforms_ego_adjusted_fov,carla_camera_parameters_statistics
CAM_BACK,roll,Median,0.0,0.0,0.0,transforms_ego_adjusted_fov,carla_camera_parameters_statistics
CAM_BACK_LEFT,x,Mean,0.1428540050983429,-1.783680438995361,-1.926534444093704,transforms_ego_adjusted_fov,carla_camera_parameters_statistics
CAM_BACK_LEFT,x,Std_Dev,0.0,0.0,0.0,transforms_ego_adjusted_fov,carla_camera_parameters_statistics
CAM_BACK_LEFT,x,Min,0.1428540050983429,-1.783680438995361,-1.926534444093704,transforms_ego_adjusted_fov,carla_camera_parameters_statistics
CAM_BACK_LEFT,x,Max,0.1428540050983429,-1.783680438995361,-1.926534444093704,transforms_ego_adjusted_fov,carla_camera_parameters_statistics
CAM_BACK_LEFT,x,Median,0.1428540050983429,-1.783680438995361,-1.926534444093704,transforms_ego_adjusted_fov,carla_camera_parameters_statistics
CAM_BACK_LEFT,y,Mean,-0.483098566532135,-7.046940326690674,-6.563841760158539,transforms_ego_adjusted_fov,carla_camera_parameters_statistics
CAM_BACK_LEFT,y,Std_Dev,0.0,0.0,0.0,transforms_ego_adjusted_fov,carla_camera_parameters_statistics
CAM_BACK_LEFT,y,Min,-0.483098566532135,-7.046940326690674,-6.563841760158539,transforms_ego_adjusted_fov,carla_camera_parameters_statistics
CAM_BACK_LEFT,y,Max,-0.483098566532135,-7.046940326690674,-6.563841760158539,transforms_ego_adjusted_fov,carla_camera_parameters_statistics
CAM_BACK_LEFT,y,Median,-0.483098566532135,-7.046940326690674,-6.563841760158539,transforms_ego_adjusted_fov,carla_camera_parameters_statistics
CAM_BACK_LEFT,z,Mean,-1.575866460800171,143.238525390625,144.81439185142517,transforms_ego_adjusted_fov,carla_camera_parameters_statistics
CAM_BACK_LEFT,z,Std_Dev,0.0,0.0,0.0,transforms_ego_adjusted_fov,carla_camera_parameters_statistics
CAM_BACK_LEFT,z,Min,-1.575866460800171,143.238525390625,144.81439185142517,transforms_ego_adjusted_fov,carla_camera_parameters_statistics
CAM_BACK_LEFT,z,Max,-1.575866460800171,143.238525390625,144.81439185142517,transforms_ego_adjusted_fov,carla_camera_parameters_statistics
CAM_BACK_LEFT,z,Median,-1.575866460800171,143.238525390625,144.81439185142517,transforms_ego_adjusted_fov,carla_camera_parameters_statistics
CAM_BACK_LEFT,pitch,Mean,-0.3244567617797338,1.2465193275905146,1.5709760893702485,transforms_ego_adjusted_fov,carla_camera_parameters_statistics
CAM_BACK_LEFT,pitch,Std_Dev,0.0,0.0,0.0,transforms_ego_adjusted_fov,carla_camera_parameters_statistics
CAM_BACK_LEFT,pitch,Min,-0.3244567617797338,1.2465193275905146,1.5709760893702485,transforms_ego_adjusted_fov,carla_camera_parameters_statistics
CAM_BACK_LEFT,pitch,Max,-0.3244567617797338,1.2465193275905146,1.5709760893702485,transforms_ego_adjusted_fov,carla_camera_parameters_statistics
CAM_BACK_LEFT,pitch,Median,-0.3244567617797338,1.2465193275905146,1.5709760893702485,transforms_ego_adjusted_fov,carla_camera_parameters_statistics
CAM_BACK_LEFT,yaw,Mean,1.5707963682256123,1.5707963407224168,-2.750319549882363e-08,transforms_ego_adjusted_fov,carla_camera_parameters_statistics
CAM_BACK_LEFT,yaw,Std_Dev,0.0,0.0,0.0,transforms_ego_adjusted_fov,carla_camera_parameters_statistics
CAM_BACK_LEFT,yaw,Min,1.5707963682256123,1.5707963407224168,-2.750319549882363e-08,transforms_ego_adjusted_fov,carla_camera_parameters_statistics
CAM_BACK_LEFT,yaw,Max,1.5707963682256123,1.5707963407224168,-2.750319549882363e-08,transforms_ego_adjusted_fov,carla_camera_parameters_statistics
CAM_BACK_LEFT,yaw,Median,1.5707963682256123,1.5707963407224168,-2.750319549882363e-08,transforms_ego_adjusted_fov,carla_camera_parameters_statistics
CAM_BACK_LEFT,fov,Mean,70.0,90.0,20.0,transforms_ego_adjusted_fov,carla_camera_parameters_statistics
CAM_BACK_LEFT,fov,Std_Dev,0.0,0.0,0.0,transforms_ego_adjusted_fov,carla_camera_parameters_statistics
CAM_BACK_LEFT,fov,Min,70.0,90.0,20.0,transforms_ego_adjusted_fov,carla_camera_parameters_statistics
CAM_BACK_LEFT,fov,Max,70.0,90.0,20.0,transforms_ego_adjusted_fov,carla_camera_parameters_statistics
CAM_BACK_LEFT,fov,Median,70.0,90.0,20.0,transforms_ego_adjusted_fov,carla_camera_parameters_statistics
CAM_BACK_LEFT,roll,Mean,0.0,0.0,0.0,transforms_ego_adjusted_fov,carla_camera_parameters_statistics
CAM_BACK_LEFT,roll,Std_Dev,0.0,0.0,0.0,transforms_ego_adjusted_fov,carla_camera_parameters_statistics
CAM_BACK_LEFT,roll,Min,0.0,0.0,0.0,transforms_ego_adjusted_fov,carla_camera_parameters_statistics
CAM_BACK_LEFT,roll,Max,0.0,0.0,0.0,transforms_ego_adjusted_fov,carla_camera_parameters_statistics
CAM_BACK_LEFT,roll,Median,0.0,0.0,0.0,transforms_ego_adjusted_fov,carla_camera_parameters_statistics
CAM_BACK_RIGHT,x,Mean,0.1390593945980072,-1.772087574005127,-1.9111469686031342,transforms_ego_adjusted_fov,carla_camera_parameters_statistics
CAM_BACK_RIGHT,x,Std_Dev,0.0,0.0,0.0,transforms_ego_adjusted_fov,carla_camera_parameters_statistics
CAM_BACK_RIGHT,x,Min,0.1390593945980072,-1.772087574005127,-1.9111469686031342,transforms_ego_adjusted_fov,carla_camera_parameters_statistics
CAM_BACK_RIGHT,x,Max,0.1390593945980072,-1.772087574005127,-1.9111469686031342,transforms_ego_adjusted_fov,carla_camera_parameters_statistics
CAM_BACK_RIGHT,x,Median,0.1390593945980072,-1.772087574005127,-1.9111469686031342,transforms_ego_adjusted_fov,carla_camera_parameters_statistics
CAM_BACK_RIGHT,y,Mean,0.4730274677276611,-7.997201442718506,-8.470228910446167,transforms_ego_adjusted_fov,carla_camera_parameters_statistics
CAM_BACK_RIGHT,y,Std_Dev,0.0,0.0,0.0,transforms_ego_adjusted_fov,carla_camera_parameters_statistics
CAM_BACK_RIGHT,y,Min,0.4730274677276611,-7.997201442718506,-8.470228910446167,transforms_ego_adjusted_fov,carla_camera_parameters_statistics
CAM_BACK_RIGHT,y,Max,0.4730274677276611,-7.997201442718506,-8.470228910446167,transforms_ego_adjusted_fov,carla_camera_parameters_statistics
CAM_BACK_RIGHT,y,Median,0.4730274677276611,-7.997201442718506,-8.470228910446167,transforms_ego_adjusted_fov,carla_camera_parameters_statistics
CAM_BACK_RIGHT,z,Mean,-1.5566498041152954,143.24945068359375,144.80610048770905,transforms_ego_adjusted_fov,carla_camera_parameters_statistics
CAM_BACK_RIGHT,z,Std_Dev,0.0,0.0,0.0,transforms_ego_adjusted_fov,carla_camera_parameters_statistics
CAM_BACK_RIGHT,z,Min,-1.5566498041152954,143.24945068359375,144.80610048770905,transforms_ego_adjusted_fov,carla_camera_parameters_statistics
CAM_BACK_RIGHT,z,Max,-1.5566498041152954,143.24945068359375,144.80610048770905,transforms_ego_adjusted_fov,carla_camera_parameters_statistics
CAM_BACK_RIGHT,z,Median,-1.5566498041152954,143.24945068359375,144.80610048770905,transforms_ego_adjusted_fov,carla_camera_parameters_statistics
CAM_BACK_RIGHT,pitch,Mean,-2.7626865055314056,-1.1777278221496574,1.5849586833817482,transforms_ego_adjusted_fov,carla_camera_parameters_statistics
CAM_BACK_RIGHT,pitch,Std_Dev,0.0,0.0,0.0,transforms_ego_adjusted_fov,carla_camera_parameters_statistics
CAM_BACK_RIGHT,pitch,Min,-2.7626865055314056,-1.1777278221496574,1.5849586833817482,transforms_ego_adjusted_fov,carla_camera_parameters_statistics
CAM_BACK_RIGHT,pitch,Max,-2.7626865055314056,-1.1777278221496574,1.5849586833817482,transforms_ego_adjusted_fov,carla_camera_parameters_statistics
CAM_BACK_RIGHT,pitch,Median,-2.7626865055314056,-1.1777278221496574,1.5849586833817482,transforms_ego_adjusted_fov,carla_camera_parameters_statistics
CAM_BACK_RIGHT,yaw,Mean,1.5707962861832483,1.5707963435374712,5.735422292652004e-08,transforms_ego_adjusted_fov,carla_camera_parameters_statistics
CAM_BACK_RIGHT,yaw,Std_Dev,0.0,0.0,0.0,transforms_ego_adjusted_fov,carla_camera_parameters_statistics
CAM_BACK_RIGHT,yaw,Min,1.5707962861832483,1.5707963435374712,5.735422292652004e-08,transforms_ego_adjusted_fov,carla_camera_parameters_statistics
CAM_BACK_RIGHT,yaw,Max,1.5707962861832483,1.5707963435374712,5.735422292652004e-08,transforms_ego_adjusted_fov,carla_camera_parameters_statistics
CAM_BACK_RIGHT,yaw,Median,1.5707962861832483,1.5707963435374712,5.735422292652004e-08,transforms_ego_adjusted_fov,carla_camera_parameters_statistics
CAM_BACK_RIGHT,fov,Mean,70.0,90.0,20.0,transforms_ego_adjusted_fov,carla_camera_parameters_statistics
CAM_BACK_RIGHT,fov,Std_Dev,0.0,0.0,0.0,transforms_ego_adjusted_fov,carla_camera_parameters_statistics
CAM_BACK_RIGHT,fov,Min,70.0,90.0,20.0,transforms_ego_adjusted_fov,carla_camera_parameters_statistics
CAM_BACK_RIGHT,fov,Max,70.0,90.0,20.0,transforms_ego_adjusted_fov,carla_camera_parameters_statistics
CAM_BACK_RIGHT,fov,Median,70.0,90.0,20.0,transforms_ego_adjusted_fov,carla_camera_parameters_statistics
CAM_BACK_RIGHT,roll,Mean,0.0,0.0,0.0,transforms_ego_adjusted_fov,carla_camera_parameters_statistics
CAM_BACK_RIGHT,roll,Std_Dev,0.0,0.0,0.0,transforms_ego_adjusted_fov,carla_camera_parameters_statistics
CAM_BACK_RIGHT,roll,Min,0.0,0.0,0.0,transforms_ego_adjusted_fov,carla_camera_parameters_statistics
CAM_BACK_RIGHT,roll,Max,0.0,0.0,0.0,transforms_ego_adjusted_fov,carla_camera_parameters_statistics
CAM_BACK_RIGHT,roll,Median,0.0,0.0,0.0,transforms_ego_adjusted_fov,carla_camera_parameters_statistics
